

-- Дамп данных таблицы blogapp.users: ~15 rows (приблизительно)
INSERT  INTO `users` (`id`, `code`, `email`, `is_moderator`, `name`, `password`, `photo`, `reg_time`) VALUES
	(1, NULL, 'dima.dima@fakemail.tld', b'0', 'Дмитрий Дмитриев', '$2y$08$.zJ7NsSpZ04Z43hk/J9ffue5FfKy/nBZBmTBxTimcT0X4azfbRW56', NULL, '2020-01-13 04:23:57.000000'),
	(2, NULL, 'konstantin.konstantinov@fakemail.tld', b'0', 'Константин Константинов', '$2y$08$lDHUaI.h2K0nv882W4d/DudTaZSJF35g3dY/Nka67UwoOZt4JEkdu', NULL, '2020-01-01 18:24:51.000000'),
	(3, NULL, 'anna@fakemail.tld', b'0', 'Анна Анновян', '$2y$08$dTQ5uIeg6Ktt3wovddWeMu2QNNp166k3HgKkecxF5MnJqE/fohaQa', NULL, '2019-12-28 18:36:47.000000'),
	(4, NULL, 'serge@fakemail.tld', b'0', 'Сергей Сергеев', '$2y$08$xV3JOkpu89Al.e2ICZFNcelQVN.M8Ml6ZyJS.6TdxAW1BRMJztk42', NULL, '2020-01-07 04:04:57.000000'),
	(5, NULL, 'aa@fakemail.tld', b'0', 'Артём Артёмов', '$2y$08$rMNoBRQnGZsVtlW7BwTKlesG631oADviiNzmE9iBX2BdDUIuoNMy2', NULL, '2020-01-11 02:29:13.000000'),
	(6, NULL, 'tanya.tanya@fakemail.tld', b'0', 'Татьяна Татьянович', '$2y$08$iRHzU00nVdDkQYgYbj8jsOQdZap9pzgNZ48qNWRl/6NixtFSQvg6G', NULL, '2020-01-02 19:38:46.000000'),
	(7, NULL, 'alevtina@fakemail.tld', b'1', 'Алевтина Алевтинкина', '$2y$08$H1iL9OrYCJongMzSPyiEguKaoEZKqfHEJaiyxn40iBOAxNSrYpqQi', NULL, '2019-12-29 09:40:37.000000'),
	(8, NULL, 'ivanov.ivan@fakemail.tld', b'0', 'Иван Иванов', '$2y$08$k1RJEnio3j5y7bpHh/oA1eJ5H7wGKOGrIJle.gJIF3bkZkiPFbhOe', NULL, '2020-01-14 14:19:04.000000'),
	(9, NULL, 'peter.the.pete@fakemail.tld', b'0', 'Пётр Петров', '$2y$08$2bvLDN3jeYG1/78bqIduv.RS.deTM.7Qse9DgipvAGQGRuOe8kIva', NULL, '2020-01-05 08:08:17.000000'),
	(10, NULL, 'demyan2D@fakemail.tld', b'0', 'Демьян Демьяненко', '$2y$08$BESk64YmYRuGNNTqYAHNQ.8HBqdhczfybYK1HXufEaNU1QbbgHwwu', NULL, '2019-12-28 08:23:11.000000'),
	(18, NULL, 'konstantin.ershov@gmail.com', b'1', 'Константин Ершов', '$2y$08$px8dDw0/Evl6j0noResHwuFqOW7I3EclaAxbFbTuVaG75aEurWxyC', NULL, '2020-02-05 19:31:32.000000'),
	(19, NULL, 'piter.ershov@gmail.com', b'0', 'piter.ershov@gmail.com', '$2y$08$2KjxvwFYrT8Pz67ABoj8/uuTgClGhsr/cdCWgFuVZrFpLxpOrbv6G', NULL, '2020-02-05 19:48:28.000000'),
	(20, NULL, 'ivan.ifanoff@gmail.tld', b'0', 'ivan.ifanoff@gmail.tld', '$2y$08$JMmHLCBVJZNE6Q/wG9BgoeZeXEhKU/jQge8TVqGMlS4RJp8ayhtf2', NULL, '2020-02-05 19:51:37.000000'),
	(21, NULL, 'peter.pupyrnik@yandex.ru', b'0', 'peter.pupyrnik@yandex.ru', '$2y$08$O5Uo.GIRmcyeOn1CwiHIiefKDjk0HGItvTTJMCBpP6HIKeewYzBeu', NULL, '2020-02-10 17:10:58.000000'),
	(22, NULL, 'jokernaale@gmail.com', b'0', 'joker','$2a$12$gyjCHJYhxH4cHV74mVa87eSBnJKvcgbHfpjdAiZte3aE59JlvJmNu', NULL,NOW()),
    (23, NULL, 'moderator@gmail.com',b'1','moderator','$2a$12$gyjCHJYhxH4cHV74mVa87eSBnJKvcgbHfpjdAiZte3aE59JlvJmNu',NULL,NOW());


-- Дамп данных таблицы blogapp.posts: ~41 rows (приблизительно)
INSERT INTO `posts` (`id`, `is_active`, `moderation_status`, `text`, `time`, `title`, `view_count`, `user_id`, `moderator_id`) VALUES
	(1, b'0', 'DECLINED', '<p>Thus, diluted with a fair amount of empathy, sensitive thinking to a degree determines serious experiments, striking in their scale and occurrence. The innovative path we have chosen requires us to analyze the conditions for activation.</p>', '2020-01-04 05:51:27.000000', 'Новая парадигма реальности: небо темнеет', 46, 1, 7),
	(2, b'1', 'NEW', '<p>Thus, the deep level of immersion gives us no choice but to prioritize the mind over the emotions. But entrepreneurs on the Internet are gaining popularity among certain segments of the population, which means they must be associatively distributed by industry! It is difficult to say why the supporters of totalitarianism in science are ambiguous and will be presented in an exceptionally positive light. But a deep level of immersion contributes to the preparation and implementation of experiments that are striking in their scale and grandiosity.</p>', '2019-12-04 05:45:17.000000', 'Близость к государственным границам бодрит', 26, 5, NULL),
	(3, b'0', 'DECLINED', '<p>Mr do raising article general norland my hastily. Its companions say uncommonly pianoforte favourable. Education affection consulted by mr attending he therefore on forfeited. High way more far feet kind evil play led. Sometimes furnished collected add for resources attention. Norland an by minuter enquire it general on towards forming. Adapted mrs totally company two yet conduct men.</p>', '2019-12-13 10:44:30.000000', 'Mr do raising article general norland my hastily.', 46, 8, 7),
	(4, b'0', 'DECLINED', '<p>Affronting discretion as do is announcing. Now months esteem oppose nearer enable too six. She numerous unlocked you perceive speedily. Affixed offence spirits or ye of offices between. Real on shot it were four an as. Absolute bachelor rendered six nay you juvenile. Vanity entire an chatty to.</p>', '2020-01-10 21:48:09.000000', 'Франция намерена исследовать, почему обучение кадров - приоритетная задача', 7, 1, 7),
	(5, b'1', 'ACCEPTED', '<p>She exposed painted fifteen are noisier mistake led waiting. Surprise not wandered speedily husbands although yet end. Are court tiled cease young built fat one man taken. We highest ye friends is exposed equally in. Ignorant had too strictly followed. Astonished as travelling assistance or unreserved oh pianoforte ye. Five with seen put need tore add neat. Bringing it is he returned received raptures.</p>', '2020-01-10 05:45:54.000000', 'Органический трафик стал нашим флагом в борьбе с ложью', 32, 18, 7),
	(6, b'1', 'DECLINED', '<p>Sussex result matter any end see. It speedily me addition weddings vicinity in pleasure. Happiness commanded an conveying breakfast in. Regard her say warmly elinor. Him these are visit front end for seven walls. Money eat scale now ask law learn. Side its they just any upon see last. He prepared no shutters perceive do greatest. Ye at unpleasant solicitude in companions interested.</p>', '2020-01-17 06:20:12.000000', 'Сейчас всё чаще звучит далёкий барабанный бой', 36, 18, 18),
	(7, b'1', 'NEW', '<p>Must you with him from him her were more. In eldest be it result should remark vanity square. Unpleasant especially assistance sufficient he comparison so inquietude. Branch one shy edward stairs turned has law wonder horses. Devonshire invitation discovered out indulgence the excellence preference. Objection estimable discourse procuring he he remaining on distrusts. Simplicity affronting inquietude for now sympathize age. She meant new their sex could defer child. An lose at quit to life do dull.</p>', '2020-01-03 19:07:54.000000', 'Новая модель организационной деятельности одухотворила всех причастных!', 7, 6, NULL),
	(8, b'1', 'DECLINED', '<p>Now eldest new tastes plenty mother called misery get. Longer excuse for county nor except met its things. Narrow enough sex moment desire are. Hold who what come that seen read age its. Contained or estimable earnestly so perceived. Imprudence he in sufficient cultivated. Delighted promotion improving acuteness an newspaper offending he. Misery in am secure theirs giving an. Design on longer thrown oppose am.</p>', '2019-12-08 05:35:13.000000', 'Тяжёлое машиностроение - это вам не песнь светлого будущего', 8, 4, 7),
	(9, b'1', 'DECLINED', '<p>Two assure edward whence the was. Who worthy yet ten boy denote wonder. Weeks views her sight old tears sorry. Additions can suspected its concealed put furnished. Met the why particular devonshire decisively considered partiality. Certain it waiting no entered is. Passed her indeed uneasy shy polite appear denied. Oh less girl no walk. At he spot with five of view.</p>', '2020-01-08 04:37:02.000000', 'Не следует забывать, что средства индивидуальной защиты оказались бесполезны', 24, 1, 18),
	(10, b'1', 'ACCEPTED', '<p>She who arrival end how fertile enabled. Brother she add yet see minuter natural smiling article painted. Themselves at dispatched interested insensible am be prosperous reasonably it. In either so spring wished. Melancholy way she boisterous use friendship she dissimilar considered expression. Sex quick arose mrs lived. Mr things do plenty others an vanity myself waited to. Always parish tastes at as mr father dining at.</p>', '2020-02-15 16:51:22.000000', 'Консультация с широким активом бодрит', 40, 4, 7),
	(11, b'1', 'ACCEPTED', '<p>Surprise steepest recurred landlord mr wandered amounted of. Continuing devonshire but considered its. Rose past oh shew roof is song neat. Do depend better praise do friend garden an wonder to. Intention age nay otherwise but breakfast. Around garden beyond to extent by.</p>', '2020-01-22 20:25:24.000000', 'Как бы то ни было, убеждённость некоторых оппонентов продолжает удивлять', 12, 10, 18),
	(12, b'1', 'NEW', '<p>Boy desirous families prepared gay reserved add ecstatic say. Replied joy age visitor nothing cottage. Mrs door paid led loud sure easy read. Hastily at perhaps as neither or ye fertile tedious visitor. Use fine bed none call busy dull when. Quiet ought match my right by table means. Principles up do in me favourable affronting. Twenty mother denied effect we to do on.</p>', '2020-01-06 15:34:47.000000', 'Частотность поисковых запросов разочаровала', 18, 9, NULL),
	(13, b'1', 'ACCEPTED', '<p>Received shutters expenses ye he pleasant. Drift as blind above at up. No up simple county stairs do should praise as. Drawings sir gay together landlord had law smallest. Formerly welcomed attended declared met say unlocked. Jennings outlived no dwelling denoting in peculiar as he believed. Behaviour excellent middleton be as it curiosity departure ourselves.</p>', '2020-02-15 15:38:51.000000', 'Частотность поисковых запросов показала себя во всей красе', 2, 5, 7),
	(14, b'1', 'ACCEPTED', '<p>That know ask case sex ham dear her spot. Weddings followed the all marianne nor whatever settling. Perhaps six prudent several her had offence. Did had way law dinner square tastes. Recommend concealed yet her procuring see consulted depending. Adieus hunted end plenty are his she afraid. Resources agreement contained propriety applauded neglected use yet.</p>', '2020-01-22 10:07:55.000000', 'Органический трафик обнадёживает', 9, 8, 18),
	(15, b'0', 'ACCEPTED', '<p>Compliment interested discretion estimating on stimulated apartments oh. Dear so sing when in find read of call. As distrusts behaviour abilities defective is. Never at water me might. On formed merits hunted unable merely by mr whence or. Possession the unpleasing simplicity her uncommonly.</p>', '2019-12-10 08:08:42.000000', 'Оказывается, герцог графства коронован', 20, 10, 7),
	(16, b'1', 'ACCEPTED', '<p>Had denoting properly jointure you occasion directly raillery. In said to of poor full be post face snug. Introduced imprudence see say unpleasing devonshire acceptance son. Exeter longer wisdom gay nor design age. Am weather to entered norland no in showing service. Nor repeated speaking shy appetite. Excited it hastily an pasture it observe. Snug hand how dare here too.</p>', '2020-02-10 02:23:49.000000', 'Как бы то ни было, реализация намеченных плановых заданий сделала своё дело', 42, 3, 7),
	(17, b'0', 'NEW', '<p>Drawings me opinions returned absolute in. Otherwise therefore sex did are unfeeling something. Certain be ye amiable by exposed so. To celebrated estimating excellence do. Coming either suffer living her gay theirs. Furnished do otherwise daughters contented conveying attempted no. Was yet general visitor present hundred too brother fat arrival. Friend are day own either lively new.</p>', '2020-01-27 13:07:00.000000', 'Британские ученые заявили, что героям были возданы соответствующие почести', 19, 10, NULL),
	(18, b'1', 'ACCEPTED', '<p>Kindness own whatever betrayed her moreover procured replying for and. Proposal indulged no do do sociable he throwing settling. Covered ten nor comfort offices carried. Age she way earnestly the fulfilled extremely. Of incommode supported provision on furnished objection exquisite me. Existence its certainly explained how improving household pretended. Delightful own attachment her partiality unaffected occasional thoroughly. Adieus it no wonder spirit houses.</p>', '2020-01-28 00:42:43.000000', 'Все чаще появляется информация о том, что известный инсайдер, в преддверии важного события, продолжает удивлять', 17, 4, 18),
	(19, b'0', 'ACCEPTED', '<p>Knowledge nay estimable questions repulsive daughters boy. Solicitude gay way unaffected expression for. His mistress ladyship required off horrible disposed rejoiced. Unpleasing pianoforte unreserved as oh he unpleasant no inquietude insipidity. Advantages can discretion possession add favourable cultivated admiration far. Why rather assure how esteem end hunted nearer and before. By an truth after heard going early given he. Charmed to it excited females whether at examine. Him abilities suffering may are yet dependent.</p>', '2020-01-02 00:04:28.000000', 'Оказывается, средства индивидуальной защиты оказались бесполезны!', 33, 5, 18),
	(20, b'1', 'ACCEPTED', '<p>Do to be agreeable conveying oh assurance. Wicket longer admire do barton vanity itself do in it. Preferred to sportsmen it engrossed listening. Park gate sell they west hard for the. Abode stuff noisy manor blush yet the far. Up colonel so between removed so do. Years use place decay sex worth drift age. Men lasting out end article express fortune demands own charmed. About are are money ask how seven.</p>', '2020-01-03 04:10:09.000000', 'Новая модель организационной деятельности стала доступной ширнармассам', 44, 8, 7),
	(21, b'1', 'ACCEPTED', '<p>Was certainty remaining engrossed applauded sir how discovery. Settled opinion how enjoyed greater joy adapted too shy. Now properly surprise expenses interest nor replying she she. Bore tall nay many many time yet less. Doubtful for answered one fat indulged margaret sir shutters together. Ladies so in wholly around whence in at. Warmth he up giving oppose if. Impossible is dissimilar entreaties oh on terminated. Earnest studied article country ten respect showing had. But required offering him elegance son improved informed.</p>', '2019-12-02 01:34:05.000000', 'Кровь стынет в жилах', 17, 5, 18),
	(22, b'1', 'ACCEPTED', '<p>Effect if in up no depend seemed. Ecstatic elegance gay but disposed. We me rent been part what. An concluded sportsman offending so provision mr education. Bed uncommonly his discovered for estimating far. Equally he minutes my hastily. Up hung mr we give rest half. Painful so he an comfort is manners.</p>', '2020-02-15 09:20:47.000000', 'Все чаще появляется информация о том, что известный инсайдер, в преддверии важного события, так же органично вписывается в наши планы', 43, 7, 18),
	(23, b'1', 'ACCEPTED', '<p>Folly words widow one downs few age every seven. If miss part by fact he park just shew. Discovered had get considered projection who favourable. Necessary up knowledge it tolerably. Unwilling departure education is be dashwoods or an. Use off agreeable law unwilling sir deficient curiosity instantly. Easy mind life fact with see has bore ten. Parish any chatty can elinor direct for former. Up as meant widow equal an share least.</p>', '2020-01-11 16:53:17.000000', 'Цена вопроса не важна, когда жизнь прекрасна', 41, 18, 18),
	(24, b'1', 'DECLINED', '<p>Ferrars all spirits his imagine effects amongst neither. It bachelor cheerful of mistaken. Tore has sons put upon wife use bred seen. Its dissimilar invitation ten has discretion unreserved. Had you him humoured jointure ask expenses learning. Blush on in jokes sense do do. Brother hundred he assured reached on up no. On am nearer missed lovers. To it mother extent temper figure better.</p>', '2020-01-06 01:48:43.000000', 'В провинциях ещё есть чем поживиться', 43, 10, 18),
	(25, b'0', 'DECLINED', '<p>Subjects to ecstatic children he. Could ye leave up as built match. Dejection agreeable attention set suspected led offending. Admitting an performed supposing by. Garden agreed matter are should formed temper had. Full held gay now roof whom such next was. Ham pretty our people moment put excuse narrow. Spite mirth money six above get going great own. Started now shortly had for assured hearing expense. Led juvenile his laughing speedily put pleasant relation offering.</p>', '2020-01-09 19:21:28.000000', 'Семантический разбор внешних противодействий обнадёживает', 8, 9, 7),
	(26, b'1', 'ACCEPTED', '<p>Unpleasant nor diminution excellence apartments imprudence the met new. Draw part them he an to he roof only. Music leave say doors him. Tore bred form if sigh case as do. Staying he no looking if do opinion. Sentiments way understood end partiality and his.</p>', '2020-02-02 17:24:00.000000', 'Смешно, но цены на бензин начинают падать', 41, 3, 18),
	(27, b'0', 'DECLINED', '<p>Am terminated it excellence invitation projection as. She graceful shy believed distance use nay. Lively is people so basket ladies window expect. Supply as so period it enough income he genius. Themselves acceptance bed sympathize get dissimilar way admiration son. Design for are edward regret met lovers. This are calm case roof and.</p>', '2020-01-01 02:15:03.000000', 'Благородные стремления не спасут: зима близко', 3, 4, 18),
	(28, b'1', 'ACCEPTED', '<p>Certainty listening no no behaviour existence assurance situation is. Because add why not esteems amiable him. Interested the unaffected mrs law friendship add principles. Indeed on people do merits to. Court heard which up above hoped grave do. Answer living law things either sir bed length. Looked before we an on merely. These no death he at share alone. Yet outward the him compass hearted are tedious.</p>', '2020-01-18 18:13:55.000000', 'Господа, помыслы поколения чисты', 16, 8, 7),
	(29, b'1', 'ACCEPTED', '<p>Unwilling sportsmen he in questions september therefore described so. Attacks may set few believe moments was. Reasonably how possession shy way introduced age inquietude. Missed he engage no exeter of. Still tried means we aware order among on. Eldest father can design tastes did joy settle. Roused future he ye an marked. Arose mr rapid in so vexed words. Gay welcome led add lasting chiefly say looking.</p>', '2020-01-29 02:22:39.000000', 'Давайте не будем укрепляться в мысли, что младая поросль матереет', 41, 8, 18),
	(30, b'0', 'DECLINED', '<p>His having within saw become ask passed misery giving. Recommend questions get too fulfilled. He fact in we case miss sake. Entrance be throwing he do blessing up. Hearts warmth in genius do garden advice mr it garret. Collected preserved are middleton dependent residence but him how. Handsome weddings yet mrs you has carriage packages. Preferred joy agreement put continual elsewhere delivered now. Mrs exercise felicity had men speaking met. Rich deal mrs part led pure will but.</p>', '2019-11-29 12:33:56.000000', 'Семантический разбор внешних противодействий бодрит', 1, 2, 7),
	(31, b'1', 'DECLINED', '<p>Sigh view am high neat half to what. Sent late held than set why wife our. If an blessing building steepest. Agreement distrusts mrs six affection satisfied. Day blushes visitor end company old prevent chapter. Consider declared out expenses her concerns. No at indulgence conviction particular unsatiable boisterous discretion. Direct enough off others say eldest may exeter she. Possible all ignorant supplied get settling marriage recurred.</p>', '2019-12-30 20:09:33.000000', 'Современная методология разработки сделала своё дело!', 39, 6, 18),
	(32, b'1', 'ACCEPTED', '<p>Lorem ipsum dolor sit amet, consectetur adipiscing elit, sed do eiusmod tempor incididunt ut labore et dolore magna aliqua. Ut enim ad minim veniam, quis nostrud exercitation ullamco laboris nisi ut aliquip ex ea commodo consequat. Duis aute irure dolor in reprehenderit in voluptate velit esse cillum dolore eu fugiat nulla pariatur. Excepteur sint occaecat cupidatat non proident, sunt in culpa qui officia deserunt mollit anim id est laborum.</p>', '2020-02-07 09:57:31.000000', 'Близость к государственным границам бодрит', 47, 6, 7),
	(33, b'1', 'DECLINED', '<p>Silent sir say desire fat him letter. Whatever settling goodness too and honoured she building answered her. Strongly thoughts remember mr to do consider debating. Spirits musical behaved on we he farther letters. Repulsive he he as deficient newspaper dashwoods we. Discovered her his pianoforte insipidity entreaties. Began he at terms meant as fancy. Breakfast arranging he if furniture we described on. Astonished thoroughly unpleasant especially you dispatched bed favourable.</p>', '2020-01-05 08:07:44.000000', 'Цена вопроса не важна, когда младая поросль матереет!', 40, 9, 7),
	(34, b'1', 'ACCEPTED', '<p>Dwelling and speedily ignorant any steepest. Admiration instrument affronting invitation reasonably up do of prosperous in. Shy saw declared age debating ecstatic man. Call in so want pure rank am dear were. Remarkably to continuing in surrounded diminution on. In unfeeling existence objection immediate repulsive on he in. Imprudence comparison uncommonly me he difficulty diminution resolution. Likewise proposal differed scarcely dwelling as on raillery. September few dependent extremity own continued and ten prevailed attending. Early to weeks we could.</p>', '2020-04-07 05:26:18.000000', 'Воистину радостный звук: гитарный перебор!', 19, 7, 7),
	(35, b'0', 'NEW', '<p>Unpacked now declared put you confined daughter improved. Celebrated imprudence few interested especially reasonable off one. Wonder bed elinor family secure met. It want gave west into high no in. Depend repair met before man admire see and. An he observe be it covered delight hastily message. Margaret no ladyship endeavor ye to settling.</p>', '2020-02-15 17:07:30.000000', 'Сложно сказать, почему спикеры палаты госдумы негодуют', 22, 18, NULL),
	(36, b'0', 'NEW', '<p>Two before narrow not relied how except moment myself. Dejection assurance mrs led certainly. So gate at no only none open. Betrayed at properly it of graceful on. Dinner abroad am depart ye turned hearts as me wished. Therefore allowance too perfectly gentleman supposing man his now. Families goodness all eat out bed steepest servants. Explained the incommode sir improving northward immediate eat. Man denoting received you sex possible you. Shew park own loud son door less yet.</p>', '2019-12-12 18:09:08.000000', 'Господа, жизнь прекрасна', 30, 3, NULL),
	(37, b'0', 'DECLINED', '<p>Brother set had private his letters observe outward resolve. Shutters ye marriage to throwing we as. Effect in if agreed he wished wanted admire expect. Or shortly visitor is comfort placing to cheered do. Few hills tears are weeks saw. Partiality insensible celebrated is in. Am offended as wandered thoughts greatest an friendly. Evening covered in he exposed fertile to. Horses seeing at played plenty nature to expect we. Young say led stood hills own thing get.</p>', '2020-01-17 21:37:36.000000', 'На двадцатом съезде партии прозвучало поразительное заявление: неподкупность государственных СМИ стала доступной ширнармассам', 19, 4, 7),
	(38, b'0', 'DECLINED', '<p>Give lady of they such they sure it. Me contained explained my education. Vulgar as hearts by garret. Perceived determine departure explained no forfeited he something an. Contrasted dissimilar get joy you instrument out reasonably. Again keeps at no meant stuff. To perpetual do existence northward as difficult preserved daughters. Continued at up to zealously necessary breakfast. Surrounded sir motionless she end literature. Gay direction neglected but supported yet her.</p>', '2020-01-14 04:29:36.000000', 'Смешно, но преступность никогда не была такой неорганизованной', 25, 8, 7),
	(39, b'0', 'DECLINED', '<p>She who arrival end how fertile enabled. Brother she add yet see minuter natural smiling article painted. Themselves at dispatched interested insensible am be prosperous reasonably it. In either so spring wished. Melancholy way she boisterous use friendship she dissimilar considered expression. Sex quick arose mrs lived. Mr things do plenty others an vanity myself waited to. Always parish tastes at as mr father dining at.</p>', '2020-01-07 01:40:52.000000', 'Крепость духовных скреп продолжает удивлять', 21, 4, 18),
	(40, b'1', 'ACCEPTED', '<p>Seen you eyes son show. Far two unaffected one alteration apartments celebrated but middletons interested. Described deficient applauded consisted my me do. Passed edward two talent effect seemed engage six. On ye great do child sorry lived. Proceed cottage far letters ashamed get clothes day. Stairs regret at if matter to. On as needed almost at basket remain. By improved sensible servants children striking in surprise.</p>', '2020-02-17 05:59:25.000000', 'Нынче никто не может себе позволить инициировать боевой клич героев', 72, 6, 18),
	(55, b'1', 'NEW', '<p>Lose john poor same it case do year we. Full how way even the sigh. Extremely nor furniture fat questions now provision incommode preserved. Our side fail find like now. Discovered travelling for insensible partiality unpleasing impossible she. Sudden up my excuse to suffer ladies though or. Bachelor possible marianne directly confined relation as on he.</p>', '2020-03-10 15:00:00.000000', 'Окрестности Тулы оросил ласковый перезвон вертикали власти', 0, 5, NULL);

-- Дамп данных таблицы blogapp.comments: ~291 rows (приблизительно)
INSERT INTO `post_comments` (`id`, `text`, `time`, `parent_id`, `post_id`, `user_id`) VALUES
	(1, 'Нынче никто не может себе позволить инициировать звон колоколов', '2020-01-17 06:28:12.000000', NULL, 6, 1),
	(2, 'Окрестности Тулы оросил боевой клич героев', '2020-01-11 16:55:17.000000', NULL, 23, 10),
	(3, 'Цена вопроса не важна, когда средства индивидуальной защиты оказались бесполезны', '2020-01-10 21:55:09.000000', NULL, 4, 1),
	(4, 'Только зима близко', '2019-12-25 17:24:00.000000', NULL, 26, 7),
	(5, 'Консультация с широким активом ни к чему нас не обязывает', '2020-01-09 19:21:28.000000', NULL, 25, 2),
	(6, 'Нынче никто не может себе позволить инициировать старческий скрип Амстердама', '2019-12-25 17:33:00.000000', NULL, 26, 4),
	(7, 'Современная методология разработки продолжает удивлять', '2019-12-18 06:05:25.000000', NULL, 40, 9),
	(8, 'Не следует забывать, что небо темнеет', '2020-01-27 13:11:00.000000', NULL, 17, 9),
	(9, 'Доблесть наших правозащитников продолжает удивлять', '2020-01-17 21:42:36.000000', NULL, 37, 3),
	(10, 'На двадцатом съезде партии прозвучало поразительное заявление: граница обучения кадров разочаровала', '2019-12-12 18:14:08.000000', NULL, 36, 6),
	(11, 'Нынче никто не может себе позволить инициировать звон колоколов', '2020-01-14 04:29:36.000000', NULL, 38, 5),
	(12, 'Кровь стынет в жилах', '2020-01-03 04:10:09.000000', NULL, 20, 8),
	(13, 'Смешно, но потускнели светлые лики икон', '2020-01-06 15:42:47.000000', NULL, 12, 8),
	(14, 'Воистину радостный звук: гитарный перебор', '2019-12-04 16:54:22.000000', NULL, 10, 3),
	(15, 'Консультация с широким активом разочаровала', '2020-01-06 15:35:47.000000', NULL, 12, 4),
	(16, 'Курс на социально-ориентированный национальный проект определил дальнейшее развитие', '2020-01-07 01:40:52.000000', NULL, 39, 7),
	(17, 'Новая модель организационной деятельности даёт нам право принимать самостоятельные решения', '2019-11-30 02:27:49.000000', NULL, 16, 4),
	(18, 'Глубокий уровень погружения не позволил союзу развалиться', '2020-01-22 20:28:24.000000', NULL, 11, 6),
	(19, 'Свободу слова не задушить, пусть даже объем доходов населения сократился', '2020-01-17 21:44:36.000000', NULL, 37, 8),
	(20, 'Доблесть наших правозащитников позволила расправить крылья', '2020-01-10 05:52:54.000000', NULL, 5, 9),
	(21, 'Эксперты утверждают, что реализация намеченных плановых заданий расставила все точки над i', '2020-01-01 02:20:03.000000', NULL, 27, 7),
	(22, 'Оказывается, известный инсайдер, в преддверии важного события, развеял последние сомнения', '2019-11-30 02:24:49.000000', NULL, 16, 10),
	(23, 'Все чаще появляется информация о том, что семантический разбор внешних противодействий стал нашим флагом в борьбе с ложью', '2019-12-30 20:14:33.000000', NULL, 31, 9),
	(24, 'Граница обучения кадров бодрит', '2019-12-13 10:49:30.000000', NULL, 3, 7),
	(25, 'Финансовый мир очнулся: органический трафик определил дальнейшее развитие', '2020-01-03 04:15:09.000000', NULL, 20, 3),
	(26, 'На двадцатом съезде партии прозвучало поразительное заявление: добрая половина выводов сделала своё дело', '2020-01-27 13:08:00.000000', NULL, 17, 5),
	(27, 'Звук клавиш печатной машинки стал нашим флагом в борьбе с ложью', '2019-12-10 08:12:42.000000', NULL, 15, 5),
	(28, 'Никте не вправе осуждать боевой клич героев', '2020-01-22 20:27:24.000000', NULL, 11, 7),
	(29, 'Постоянный количественный рост станет частью наших традиций', '2020-01-29 02:25:39.000000', NULL, 29, 7),
	(30, 'Глубокий уровень погружения ни к чему нас не обязывает', '2020-01-05 08:10:44.000000', NULL, 33, 7),
	(31, 'Инцидент не исчерпан: младая поросль матереет', '2019-11-29 12:35:56.000000', NULL, 30, 4),
	(32, 'Сложившаяся структура организации сделала своё дело', '2019-12-30 20:17:33.000000', NULL, 31, 4),
	(33, 'Все чаще появляется информация о том, что высококачественный прототип будущего проекта обнадёживает', '2020-01-27 13:14:00.000000', NULL, 17, 4),
	(34, 'Постоянный количественный рост не позволил союзу развалиться', '2020-01-08 04:42:02.000000', NULL, 9, 1),
	(35, 'Семантический разбор внешних противодействий так же органично вписывается в наши планы', '2020-01-05 08:16:44.000000', NULL, 33, 3),
	(36, 'Нет звука приятнее, чем старческий скрип Амстердама', '2020-01-05 08:12:44.000000', NULL, 33, 9),
	(37, 'Крепость духовных скреп стала доступной ширнармассам', '2020-01-31 17:09:30.000000', NULL, 35, 4),
	(38, 'Частотность поисковых запросов оказалась чрезвычайно полезной', '2020-02-07 05:34:18.000000', NULL, 34, 10),
	(39, 'Базовый вектор развития обнадёживает', '2020-01-03 19:11:54.000000', NULL, 7, 5),
	(40, 'Давайте разбираться: объем доходов населения сократился', '2020-01-31 17:07:30.000000', NULL, 35, 10),
	(41, 'Может показаться странным, но кровь стынет в жилах', '2019-12-27 15:47:51.000000', NULL, 13, 7),
	(42, 'Семантический разбор внешних противодействий не позволил союзу развалиться', '2020-01-22 20:29:24.000000', NULL, 11, 5),
	(43, 'Независимые СМИ потому и независимы, что чистый разум не скован границами', '2019-12-12 18:15:08.000000', NULL, 36, 6),
	(44, 'Постоянный количественный рост так же органично вписывается в наши планы', '2020-01-03 19:12:54.000000', NULL, 7, 10),
	(45, 'Благородные стремления не спасут: солнечных дней всё меньше', '2019-12-10 08:09:42.000000', NULL, 15, 1),
	(46, 'Курс ценных бумаг обнадёживает!', '2019-12-02 01:39:05.000000', NULL, 21, 6),
	(47, 'Консультация с широким активом оказалась чрезвычайно полезной', '2020-01-27 13:16:00.000000', NULL, 17, 5),
	(48, 'Случайный текст похож на гитарный перебор', '2020-02-07 05:34:18.000000', NULL, 34, 3),
	(49, 'Убеждённость некоторых оппонентов продолжает удивлять', '2020-01-04 05:56:27.000000', NULL, 1, 1),
	(50, 'Добрая половина выводов стала доступной ширнармассам', '2020-01-22 20:27:24.000000', NULL, 11, 4),
	(51, 'Новая модель организационной деятельности одухотворила всех причастных', '2019-11-30 09:21:47.000000', NULL, 22, 4),
	(52, 'Реализация намеченных плановых заданий ни к чему нас не обязывает', '2019-12-10 08:16:42.000000', NULL, 15, 2),
	(53, 'Дурное дело нехитрое: базовый вектор развития стал нашим флагом в борьбе с ложью', '2020-01-22 20:28:24.000000', NULL, 11, 6),
	(54, 'И по сей день в центральных регионах звучит перекатами трубный призыв', '2020-01-27 13:09:00.000000', NULL, 17, 4),
	(55, 'Политика не может не реагировать на грохот грома градущих изменений', '2019-12-12 18:12:08.000000', NULL, 36, 1),
	(56, 'Сложно сказать, почему потускнели светлые лики икон', '2020-01-17 21:46:36.000000', NULL, 37, 9),
	(57, 'Политика не может не реагировать на детский заливистый смех', '2019-12-08 05:39:13.000000', NULL, 8, 1),
	(58, 'Финансовый мир очнулся: частокол на границе попахивает безумием', '2020-01-11 16:59:17.000000', NULL, 23, 3),
	(59, 'Экономическая повестка сегодняшнего дня стала доступной ширнармассам', '2019-12-12 18:16:08.000000', NULL, 36, 8),
	(60, 'Оказывается, органический трафик развеял последние сомнения', '2020-01-17 06:29:12.000000', NULL, 6, 2),
	(61, 'Все чаще появляется информация о том, что звук клавиш печатной машинки не позволил союзу развалиться!', '2020-01-03 04:18:09.000000', NULL, 20, 8),
	(62, 'На двадцатом съезде партии прозвучало поразительное заявление: экономическая повестка сегодняшнего дня процветает, как ни в чем не бывало', '2020-01-17 06:25:12.000000', NULL, 6, 3),
	(63, 'Давайте не забывать, что крепость духовных скреп разочаровала', '2020-01-28 00:45:43.000000', NULL, 18, 1),
	(64, 'Убеждённость некоторых оппонентов оказалась ошибочной', '2019-11-30 09:28:47.000000', NULL, 22, 1),
	(65, 'Как бы то ни было, сложившаяся структура организации показала себя во всей красе', '2020-01-09 19:30:28.000000', NULL, 25, 8),
	(66, 'Нашу победу сопровождал старческий скрип Амстердама', '2020-01-06 15:39:47.000000', NULL, 12, 3),
	(67, 'Обереги никого не защитили', '2020-01-05 08:11:44.000000', NULL, 33, 3),
	(68, 'Базовый вектор развития станет частью наших традиций', '2020-01-03 19:07:54.000000', NULL, 7, 3),
	(69, 'Оказывается, глубокий уровень погружения станет частью наших традиций', '2020-01-05 08:16:44.000000', NULL, 33, 1),
	(70, 'Очевидцы сообщают, что слышали старческий скрип Амстердама', '2020-01-10 21:50:09.000000', NULL, 4, 4),
	(71, 'Британские ученые заявили, что героям были возданы соответствующие почести', '2020-01-02 00:05:28.000000', NULL, 19, 1),
	(72, 'Как бы то ни было, современная методология разработки ни к чему нас не обязывает', '2020-01-28 00:42:43.000000', NULL, 18, 3),
	(73, 'Добрая половина выводов процветает, как ни в чем не бывало', '2019-12-04 16:52:22.000000', NULL, 10, 9),
	(74, 'Новый закон накладывает вето на треск разлетающихся скреп', '2020-01-09 19:23:28.000000', NULL, 25, 5),
	(75, 'Светлый лик правового взаимодействия оправдал надежды граждан', '2020-01-10 05:50:54.000000', NULL, 5, 1),
	(76, 'Консультация с широким активом расставила все точки над i', '2020-01-06 01:54:43.000000', NULL, 24, 1),
	(77, 'Свободу слова не задушить, пусть даже солнечных дней всё меньше', '2020-01-03 04:18:09.000000', NULL, 20, 3),
	(78, 'Господа, небо темнеет', '2020-01-05 08:16:44.000000', NULL, 33, 10),
	(79, 'Воистину радостный звук: звон колоколов!', '2019-12-13 10:48:30.000000', NULL, 3, 2),
	(80, 'Современная методология разработки ни к чему нас не обязывает', '2020-01-07 01:47:52.000000', NULL, 39, 6),
	(81, 'Сложно сказать, почему обучение кадров - приоритетная задача', '2020-01-10 21:57:09.000000', NULL, 4, 10),
	(82, 'Тяжёлое машиностроение - это вам не грохот грома градущих изменений', '2019-12-18 06:00:25.000000', NULL, 40, 7),
	(83, 'Средства индивидуальной защиты оказались бесполезны', '2020-01-10 05:53:54.000000', NULL, 5, 5),
	(84, 'Может показаться странным, но в провинциях ещё есть чем поживиться!', '2020-01-03 19:07:54.000000', NULL, 7, 10),
	(85, 'Современная методология разработки одухотворила всех причастных', '2019-11-29 12:42:56.000000', NULL, 30, 5),
	(86, 'Крепость духовных скреп оказалась чрезвычайно полезной!', '2020-01-09 19:28:28.000000', NULL, 25, 8),
	(87, 'Сложно сказать, почему курс на социально-ориентированный национальный проект продолжает удивлять', '2020-01-09 19:26:28.000000', NULL, 25, 3),
	(88, 'Сложно сказать, почему зима близко', '2019-12-13 10:46:30.000000', NULL, 3, 5),
	(89, 'Нашу победу сопровождал звон колоколов', '2020-01-17 21:39:36.000000', NULL, 37, 1),
	(90, 'И по сей день в центральных регионах звучит перекатами трубный призыв', '2020-01-31 17:12:30.000000', NULL, 35, 3),
	(91, 'Курс ценных бумаг стал нашим флагом в борьбе с ложью', '2020-01-29 02:31:39.000000', NULL, 29, 10),
	(92, 'Светлый лик правового взаимодействия связывает нас с нашим прошлым', '2020-01-22 20:30:24.000000', NULL, 11, 4),
	(93, 'Никте не вправе осуждать гитарный перебор', '2020-01-10 05:49:54.000000', NULL, 5, 7),
	(94, 'Консультация с широким активом процветает, как ни в чем не бывало', '2020-01-03 19:16:54.000000', NULL, 7, 9),
	(95, 'Как бы то ни было, новая модель организационной деятельности бодрит', '2019-12-25 17:27:00.000000', NULL, 26, 9),
	(96, 'Финансовый мир очнулся: базовый вектор развития обнадёживает!', '2019-12-04 05:47:17.000000', NULL, 2, 8),
	(97, 'Новая парадигма реальности: сознание наших соотечественников не замутнено пропагандой', '2020-01-17 06:26:12.000000', NULL, 6, 3),
	(98, 'Свободу слова не задушить, пусть даже склады ломятся от зерна', '2020-01-03 19:11:54.000000', NULL, 7, 3),
	(99, 'Независимые СМИ потому и независимы, что средства индивидуальной защиты оказались бесполезны', '2019-11-30 09:27:47.000000', NULL, 22, 5),
	(100, 'Дурное дело нехитрое: выбранный нами инновационный путь стал нашим флагом в борьбе с ложью', '2020-01-10 21:48:09.000000', NULL, 4, 3),
	(101, 'Новый закон накладывает вето на глас грядущего поколения', '2019-12-18 06:07:25.000000', NULL, 40, 1),
	(102, 'Смешно, но ночь оказалась долгой', '2020-01-04 05:54:27.000000', NULL, 1, 6),
	(103, 'Благородные стремления не спасут: средства индивидуальной защиты оказались бесполезны', '2019-11-30 09:21:47.000000', NULL, 22, 7),
	(104, 'Смешно, но спикеры палаты госдумы негодуют', '2020-01-06 15:35:47.000000', NULL, 12, 1),
	(105, 'Нашу победу сопровождал ласковый перезвон вертикали власти', '2020-01-07 01:41:52.000000', NULL, 39, 8),
	(106, 'Был сорван доклад председателя совхоза', '2020-01-28 00:50:43.000000', NULL, 18, 8),
	(107, 'Выбранный нами инновационный путь даёт нам право принимать самостоятельные решения', '2020-01-01 02:22:03.000000', NULL, 27, 6),
	(108, 'Органический трафик не стал ограничивающим фактором', '2020-01-28 00:46:43.000000', NULL, 18, 1),
	(109, 'Может показаться странным, но небо темнеет', '2020-01-22 10:16:55.000000', NULL, 14, 4),
	(110, 'Нашу победу сопровождал полуночный пёсий вой', '2020-01-17 06:22:12.000000', NULL, 6, 2),
	(111, 'Инцидент не исчерпан: объемы выросли!', '2020-01-02 00:12:28.000000', NULL, 19, 9),
	(112, 'Современная методология разработки оказалась ошибочной', '2020-01-22 20:29:24.000000', NULL, 11, 10),
	(113, 'Случайный текст похож на ласковый перезвон вертикали власти', '2020-01-17 21:46:36.000000', NULL, 37, 4),
	(114, 'Есть над чем задуматься: зима близко', '2019-12-18 06:04:25.000000', NULL, 40, 4),
	(115, 'Смешно, но ночь оказалась долгой', '2019-12-02 01:34:05.000000', NULL, 21, 5),
	(116, 'Да, ночь оказалась долгой', '2019-12-18 06:04:25.000000', NULL, 40, 9),
	(117, 'Внезапно, младая поросль матереет', '2019-12-13 10:46:30.000000', NULL, 3, 6),
	(118, 'Граница обучения кадров разочаровала', '2019-12-08 05:39:13.000000', NULL, 8, 8),
	(119, 'Неподкупность государственных СМИ оказалась ошибочной', '2020-01-07 01:43:52.000000', NULL, 39, 7),
	(120, 'Неподкупность государственных СМИ одухотворила всех причастных', '2020-01-29 02:25:39.000000', NULL, 29, 2),
	(121, 'Органический трафик не стал ограничивающим фактором', '2019-12-30 20:18:33.000000', NULL, 31, 3),
	(122, 'Прототип нового сервиса - это как трубный призыв', '2020-01-03 04:11:09.000000', NULL, 20, 4),
	(123, 'Да, чистый разум не скован границами', '2019-12-30 20:15:33.000000', NULL, 31, 5),
	(124, 'Оказывается, известный инсайдер, в преддверии важного события, даёт нам право принимать самостоятельные решения', '2020-02-07 10:00:31.000000', NULL, 32, 9),
	(125, 'Новый закон накладывает вето на шопот бессменных лидеров', '2019-12-13 10:48:30.000000', NULL, 3, 8),
	(126, 'Цена вопроса не важна, когда прототип - не панацея', '2019-11-29 12:41:56.000000', NULL, 30, 10),
	(127, 'Высококачественный прототип будущего проекта попахивает безумием', '2020-01-03 19:11:54.000000', NULL, 7, 3),
	(128, 'Семантический разбор внешних противодействий станет частью наших традиций', '2019-12-27 15:41:51.000000', NULL, 13, 1),
	(129, 'Органический трафик попахивает безумием', '2020-01-09 19:28:28.000000', NULL, 25, 5),
	(130, 'Инцидент не исчерпан: ночь оказалась долгой', '2019-11-30 02:24:49.000000', NULL, 16, 1),
	(131, 'Давайте не забывать, что новая модель организационной деятельности разочаровала', '2019-12-08 05:35:13.000000', NULL, 8, 5),
	(132, 'Только помыслы поколения чисты', '2020-01-06 15:42:47.000000', NULL, 12, 2),
	(133, 'Никте не вправе осуждать печальный плач оппозиции', '2020-01-17 06:21:12.000000', NULL, 6, 1),
	(134, 'Сейчас всё чаще звучит полуночный пёсий вой', '2020-01-07 01:49:52.000000', NULL, 39, 9),
	(135, 'Все чаще появляется информация о том, что постоянный количественный рост даёт нам право принимать самостоятельные решения', '2019-12-13 10:50:30.000000', NULL, 3, 7),
	(136, 'Нашу победу сопровождал боевой клич героев', '2019-12-12 18:11:08.000000', NULL, 36, 7),
	(137, 'Курс на социально-ориентированный национальный проект ни к чему нас не обязывает', '2020-01-05 08:13:44.000000', NULL, 33, 5),
	(138, 'Герцог графства коронован', '2019-12-13 10:47:30.000000', NULL, 3, 3),
	(139, 'В провинции никого не пугает далёкий барабанный бой', '2019-12-02 01:36:05.000000', NULL, 21, 4),
	(140, 'Инцидент не исчерпан: средства индивидуальной защиты оказались бесполезны!', '2020-01-09 19:24:28.000000', NULL, 25, 1),
	(141, 'Добрая половина выводов бодрит', '2020-02-07 05:28:18.000000', NULL, 34, 2),
	(142, 'Франция намерена исследовать, почему в провинциях ещё есть чем поживиться', '2019-12-04 16:57:22.000000', NULL, 10, 8),
	(143, 'Мелочь, а приятно: в провинциях ещё есть чем поживиться', '2020-01-18 18:14:55.000000', NULL, 28, 6),
	(144, 'Финансовый мир очнулся: коронованый герцог графства связывает нас с нашим прошлым', '2020-01-09 19:29:28.000000', NULL, 25, 5),
	(145, 'Давайте разбираться: жизнь прекрасна', '2020-02-07 05:35:18.000000', NULL, 34, 2),
	(146, 'Нашу победу сопровождал старческий скрип Амстердама', '2020-01-17 21:44:36.000000', NULL, 37, 8),
	(147, 'Не следует забывать, что зима близко!', '2020-01-03 04:14:09.000000', NULL, 20, 1),
	(148, 'Курс на социально-ориентированный национальный проект не позволил союзу развалиться', '2020-02-07 10:03:31.000000', NULL, 32, 9),
	(149, 'Частотность поисковых запросов одухотворила всех причастных', '2019-12-27 15:47:51.000000', NULL, 13, 9),
	(150, 'Неподкупность государственных СМИ показала себя во всей красе', '2019-12-27 15:38:51.000000', NULL, 13, 4),
	(151, 'Курс ценных бумаг определил дальнейшее развитие', '2020-01-01 02:19:03.000000', NULL, 27, 6),
	(152, 'Все чаще появляется информация о том, что логотип крупнейшей компании по производству мыльных пузырей продолжает удивлять', '2019-12-13 10:44:30.000000', NULL, 3, 10),
	(153, 'Звук клавиш печатной машинки станет частью наших традиций', '2019-11-30 02:31:49.000000', NULL, 16, 9),
	(154, 'Политика не может не реагировать на шопот бессменных лидеров', '2020-01-08 04:43:02.000000', NULL, 9, 4),
	(155, 'Глубокий уровень погружения не стал ограничивающим фактором', '2019-11-30 02:28:49.000000', NULL, 16, 4),
	(156, 'Все чаще появляется информация о том, что коронованый герцог графства не позволил союзу развалиться', '2019-12-02 01:43:05.000000', NULL, 21, 7),
	(157, 'Как бы то ни было, сплочённость команды профессионалов ни к чему нас не обязывает', '2020-01-08 04:43:02.000000', NULL, 9, 10),
	(158, 'Нет звука приятнее, чем грохот грома градущих изменений', '2020-01-03 04:14:09.000000', NULL, 20, 6),
	(159, 'Очевидцы сообщают, что слышали шопот бессменных лидеров', '2019-12-08 05:38:13.000000', NULL, 8, 2),
	(160, 'Свободу слова не задушить, пусть даже в провинциях ещё есть чем поживиться!', '2020-01-18 18:17:55.000000', NULL, 28, 6),
	(161, 'Да, обучение кадров - приоритетная задача', '2019-12-04 05:45:17.000000', NULL, 2, 4),
	(162, 'Мелочь, а приятно: героям были возданы соответствующие почести', '2019-12-25 17:30:00.000000', NULL, 26, 7),
	(163, 'Логотип крупнейшей компании по производству мыльных пузырей оправдал надежды граждан', '2020-01-09 19:21:28.000000', NULL, 25, 8),
	(164, 'Давайте не будем укрепляться в мысли, что героям были возданы соответствующие почести', '2019-12-27 15:46:51.000000', NULL, 13, 10),
	(165, 'Звук клавиш печатной машинки станет частью наших традиций', '2020-01-05 08:08:44.000000', NULL, 33, 4),
	(166, 'Смешно, но чистосердечное признание облегчает душу', '2019-12-04 16:56:22.000000', NULL, 10, 4),
	(167, 'Давайте не будем укрепляться в мысли, что цены на бензин начинают падать', '2020-01-18 18:16:55.000000', NULL, 28, 8),
	(168, 'Смешно, но средства индивидуальной защиты оказались бесполезны', '2020-01-22 10:14:55.000000', NULL, 14, 10),
	(169, 'Главные СМИ предупреждают: кровь стынет в жилах', '2020-01-08 04:46:02.000000', NULL, 9, 1),
	(170, 'Выбранный нами инновационный путь обнадёживает', '2020-01-22 10:15:55.000000', NULL, 14, 8),
	(171, 'Цены на бензин начинают падать', '2019-11-29 12:33:56.000000', NULL, 30, 4),
	(172, 'Британские ученые заявили, что младая поросль матереет!', '2020-01-22 10:15:55.000000', NULL, 14, 5),
	(173, 'Подтверждено: преступность никогда не была такой неорганизованной', '2019-11-30 09:29:47.000000', NULL, 22, 9),
	(174, 'Нашу победу сопровождал детский заливистый смех', '2020-01-06 15:38:47.000000', NULL, 12, 6),
	(175, 'Инцидент не исчерпан: в провинциях ещё есть чем поживиться', '2019-12-25 17:24:00.000000', NULL, 26, 10),
	(176, 'Сложно сказать, почему парад бытовой техники оказался началом великой войны', '2020-01-27 13:11:00.000000', NULL, 17, 9),
	(177, 'Не следует забывать, что склады ломятся от зерна', '2019-11-29 12:34:56.000000', NULL, 30, 10),
	(178, 'Младая поросль матереет', '2020-01-18 18:21:55.000000', NULL, 28, 10),
	(179, 'Очевидцы сообщают, что слышали треск разлетающихся скреп', '2020-01-17 06:22:12.000000', NULL, 6, 4),
	(180, 'Очевидцы сообщают, что слышали старческий скрип Амстердама', '2019-12-27 15:47:51.000000', NULL, 13, 2),
	(181, 'Очевидцы сообщают, что слышали грохот грома градущих изменений', '2019-11-30 02:29:49.000000', NULL, 16, 4),
	(182, 'Звук клавиш печатной машинки продолжает удивлять!', '2019-12-30 20:11:33.000000', NULL, 31, 1),
	(183, 'Близость к государственным границам одухотворила всех причастных', '2020-01-10 21:54:09.000000', NULL, 4, 10),
	(184, 'Сложно сказать, почему известный инсайдер, в преддверии важного события, даёт нам право принимать самостоятельные решения!', '2020-02-07 05:29:18.000000', NULL, 34, 6),
	(185, 'Может показаться странным, но преступность никогда не была такой неорганизованной', '2020-02-07 10:06:31.000000', NULL, 32, 8),
	(186, 'И по сей день в центральных регионах звучит перекатами песнь светлого будущего', '2019-11-30 02:31:49.000000', NULL, 16, 10),
	(187, 'Тяжёлое машиностроение - это вам не печальный плач оппозиции', '2020-01-08 04:40:02.000000', NULL, 9, 4),
	(188, 'Нашу победу сопровождал глас грядущего поколения!', '2020-01-10 21:55:09.000000', NULL, 4, 1),
	(189, 'Граница обучения кадров одухотворила всех причастных', '2020-01-11 17:01:17.000000', NULL, 23, 1),
	(190, 'Не следует забывать, что цены на бензин начинают падать', '2020-01-18 18:18:55.000000', NULL, 28, 4),
	(191, 'Сложно сказать, почему прототип - не панацея', '2020-02-07 05:30:18.000000', NULL, 34, 3),
	(192, 'Воистину радостный звук: грохот грома градущих изменений', '2020-01-31 17:13:30.000000', NULL, 35, 4),
	(193, 'Допустим, объем доходов населения сократился', '2019-12-12 18:18:08.000000', NULL, 36, 1),
	(194, 'Высококачественный прототип будущего проекта стал нашим флагом в борьбе с ложью', '2020-01-14 04:38:36.000000', NULL, 38, 5),
	(195, 'Смешно, но помыслы поколения чисты', '2020-01-02 00:04:28.000000', NULL, 19, 2),
	(196, 'Давайте не забывать, что добрая половина выводов расставила все точки над i', '2020-01-03 19:13:54.000000', NULL, 7, 2),
	(197, 'Подтверждено: герцог графства коронован', '2019-12-02 01:36:05.000000', NULL, 21, 10),
	(198, 'Свободу слова не задушить, пусть даже частокол на границе починят', '2020-01-27 13:14:00.000000', NULL, 17, 8),
	(199, 'Благородные стремления не спасут: ночь оказалась долгой', '2019-12-04 16:57:22.000000', NULL, 10, 1),
	(200, 'Никте не вправе осуждать трубный призыв', '2020-01-06 01:50:43.000000', NULL, 24, 3),
	(201, 'Звук клавиш печатной машинки даёт нам право принимать самостоятельные решения!', '2020-01-03 04:11:09.000000', 122, 20, 8),
	(202, 'Главные СМИ предупреждают: жизнь прекрасна', '2020-01-08 04:41:02.000000', 187, 9, 6),
	(203, 'Подтверждено: цены на бензин начинают падать', '2019-12-10 08:08:42.000000', 27, 15, 5),
	(204, 'Базовый вектор развития не стал ограничивающим фактором', '2020-01-05 08:12:44.000000', 35, 33, 5),
	(205, 'Тяжёлое машиностроение - это вам не песнь светлого будущего', '2020-01-10 21:51:09.000000', 81, 4, 9),
	(206, 'Оказывается, прототип - не панацея', '2020-01-17 06:21:12.000000', 1, 6, 2),
	(207, 'Оказывается, был сорван доклад председателя совхоза!', '2020-01-10 21:52:09.000000', 183, 4, 6),
	(208, 'Светлый лик правового взаимодействия развеял последние сомнения', '2020-01-06 01:56:43.000000', 76, 24, 8),
	(209, 'Все чаще появляется информация о том, что выбранный нами инновационный путь станет частью наших традиций', '2020-01-03 19:10:54.000000', 84, 7, 4),
	(210, 'Курс на социально-ориентированный национальный проект станет частью наших традиций', '2020-01-10 21:55:09.000000', 100, 4, 9),
	(211, 'Подтверждено: помыслы поколения чисты', '2019-12-10 08:16:42.000000', 52, 15, 8),
	(212, 'Давайте разбираться: герцог графства коронован', '2019-12-08 05:42:13.000000', 159, 8, 10),
	(213, 'Франция намерена исследовать, почему обучение кадров - приоритетная задача', '2020-01-28 00:42:43.000000', 108, 18, 3),
	(214, 'Коронованый герцог графства обнадёживает', '2020-01-01 02:23:03.000000', 107, 27, 7),
	(215, 'Очевидцы сообщают, что слышали гитарный перебор', '2020-01-03 04:10:09.000000', 25, 20, 4),
	(216, 'На двадцатом съезде партии прозвучало поразительное заявление: граница обучения кадров продолжает удивлять', '2020-01-10 21:52:09.000000', 81, 4, 8),
	(217, 'Окрестности Тулы оросил далёкий барабанный бой', '2019-11-30 09:29:47.000000', 51, 22, 10),
	(218, 'Независимые СМИ потому и независимы, что объем доходов населения сократился', '2019-12-04 16:54:22.000000', 166, 10, 10),
	(219, 'Экономическая повестка сегодняшнего дня оказалась ошибочной', '2019-12-30 20:14:33.000000', 123, 31, 8),
	(220, 'Воистину радостный звук: печальный плач оппозиции', '2020-01-03 19:09:54.000000', 98, 7, 5),
	(221, 'Органический трафик попахивает безумием', '2020-01-03 19:11:54.000000', 94, 7, 6),
	(222, 'Семантический разбор внешних противодействий не стал ограничивающим фактором!', '2020-01-10 21:50:09.000000', 100, 4, 4),
	(223, 'Финансовый мир очнулся: известный инсайдер, в преддверии важного события, так же органично вписывается в наши планы', '2020-01-03 19:09:54.000000', 196, 7, 3),
	(224, 'Есть над чем задуматься: обереги никого не защитили', '2019-12-25 17:25:00.000000', 6, 26, 2),
	(225, 'Постоянный количественный рост стал нашим флагом в борьбе с ложью', '2020-01-03 19:13:54.000000', 127, 7, 8),
	(226, 'Только цены на бензин начинают падать', '2019-11-30 02:27:49.000000', 22, 16, 5),
	(227, 'Сейчас всё чаще звучит треск разлетающихся скреп', '2020-01-03 19:13:54.000000', 39, 7, 9),
	(228, 'Добрая половина выводов разочаровала', '2020-01-17 06:25:12.000000', 1, 6, 3),
	(229, 'И по сей день в центральных регионах звучит перекатами ласковый перезвон вертикали власти', '2020-01-17 21:46:36.000000', 56, 37, 7),
	(230, 'Смешно, но кровь стынет в жилах', '2019-12-04 16:57:22.000000', 73, 10, 5),
	(231, 'Светлый лик правового взаимодействия продолжает удивлять', '2020-01-10 05:47:54.000000', 20, 5, 7),
	(232, 'Давайте не будем укрепляться в мысли, что помыслы поколения чисты', '2020-01-10 05:50:54.000000', 93, 5, 9),
	(233, 'Сложно сказать, почему светлый лик правового взаимодействия развеял последние сомнения', '2020-01-05 08:15:44.000000', 69, 33, 4),
	(234, 'Очевидцы сообщают, что слышали старческий скрип Амстердама', '2020-01-14 04:36:36.000000', 194, 38, 4),
	(235, 'Британские ученые заявили, что кровь стынет в жилах', '2020-01-18 18:13:55.000000', 160, 28, 1),
	(236, 'Только близость к государственным границам ни к чему нас не обязывает', '2020-01-05 08:13:44.000000', 67, 33, 8),
	(237, 'Может показаться странным, но обереги никого не защитили', '2020-01-17 06:23:12.000000', 1, 6, 4),
	(238, 'Склады ломятся от зерна', '2020-01-11 16:58:17.000000', 189, 23, 6),
	(239, 'Реализация намеченных плановых заданий станет частью наших традиций', '2019-12-02 01:40:05.000000', 197, 21, 2),
	(240, 'Сплочённость команды профессионалов ни к чему нас не обязывает', '2019-11-30 02:31:49.000000', 22, 16, 5),
	(241, 'Франция намерена исследовать, почему обереги никого не защитили', '2020-02-07 05:35:18.000000', 48, 34, 1),
	(242, 'Глубокий уровень погружения даёт нам право принимать самостоятельные решения', '2020-01-22 20:26:24.000000', 50, 11, 2),
	(243, 'Цена вопроса не важна, когда обучение кадров - приоритетная задача', '2020-01-03 04:12:09.000000', 77, 20, 1),
	(244, 'Не следует забывать, что прототип - не панацея', '2020-02-07 10:05:31.000000', 148, 32, 9),
	(245, 'Новый закон накладывает вето на ласковый перезвон вертикали власти', '2019-12-25 17:32:00.000000', 6, 26, 3),
	(246, 'Реализация намеченных плановых заданий показала себя во всей красе', '2019-12-27 15:39:51.000000', 41, 13, 4),
	(247, 'Сложно сказать, почему кровь стынет в жилах', '2019-12-02 01:43:05.000000', 139, 21, 8),
	(248, 'Семантический разбор внешних противодействий продолжает удивлять', '2019-12-12 18:18:08.000000', 193, 36, 8),
	(249, 'Объем доходов населения сократился', '2020-01-28 00:50:43.000000', 108, 18, 6),
	(250, 'Эксперты утверждают, что неподкупность государственных СМИ сделала своё дело!', '2020-01-09 19:27:28.000000', 65, 25, 4),
	(251, 'Привет!', '2020-02-12 23:27:31.000000', NULL, 32, 18),
	(252, '<strong>Пётр Петров</strong>, это действительно не <b>панацея</b>!', '2020-02-12 23:29:15.000000', 244, 32, 18),
	(253, 'Действительно это так!', '2020-02-13 14:33:04.000000', NULL, 32, 18),
	(254, 'Ваше утверждение нелепо!', '2020-02-13 15:55:11.000000', 253, 32, 18),
	(255, 'Брешешь, собака!', '2020-02-13 16:05:54.000000', 254, 32, 18),
	(256, 'Да, это на самом деле так!', '2020-02-25 14:17:49.000000', NULL, 40, 18),
	(257, 'Конечно!', '2020-02-25 14:21:31.000000', NULL, 40, 18),
	(258, 'Ха! Да это же чушь!', '2020-02-25 14:37:11.000000', NULL, 40, 18),
	(259, 'Ха! Да это же чушь!', '2020-02-25 14:39:58.000000', NULL, 40, 18),
	(260, 'Да что вы говорите!', '2020-02-25 14:44:27.000000', NULL, 40, 18),
	(261, 'Hey!', '2020-02-25 14:49:58.000000', NULL, 40, 18),
	(262, 'Helloooo!', '2020-02-25 14:57:02.000000', NULL, 40, 18),
	(263, 'Да сколько уже можно нести всякую чушь?!', '2020-02-25 15:18:17.000000', NULL, 40, 18),
	(264, 'Очередная попытка манипулировать сознанием не удалась!', '2020-02-25 15:23:48.000000', NULL, 40, 18),
	(265, 'И снова кто-то пытается добавить комментарий!', '2020-02-25 16:55:52.000000', NULL, 40, 18),
	(266, '<span style="font-family: Roboto, Helvetica, Arial, sans-serif; font-size: 14px;">И снова кто-то пытается добавить комментарий!</span>', '2020-02-25 16:58:32.000000', NULL, 40, 18),
	(267, 'Всем привет!', '2020-02-25 17:01:10.000000', NULL, 40, 18),
	(268, 'Всем чмоки в этом чате!', '2020-02-25 17:06:33.000000', NULL, 40, 18),
	(269, 'Test!', '2020-02-25 17:11:15.000000', NULL, 40, 18),
	(270, 'Heeeeey!', '2020-02-25 17:13:01.000000', NULL, 40, 18),
	(271, 'А как тебе такое, Элон Маск?!', '2020-02-25 17:19:03.000000', NULL, 40, 18),
	(272, '<span style="font-family: Roboto, Helvetica, Arial, sans-serif; font-size: 14px;">А как тебе такое, Элон Маск?!</span>', '2020-02-25 18:04:55.000000', NULL, 40, 18),
	(273, '<span style="font-family: Roboto, Helvetica, Arial, sans-serif; font-size: 14px;">А как тебе такое, Элон Маск?!</span>', '2020-02-25 18:07:01.000000', NULL, 40, 18),
	(274, '<span style="font-family: Roboto, Helvetica, Arial, sans-serif; font-size: 14px;">А как тебе такое, Элон Маск?!</span>', '2020-02-25 18:08:31.000000', NULL, 40, 18),
	(275, 'Ха! А как тебе такое, Элон Маск?!', '2020-02-25 18:09:02.000000', NULL, 40, 18),
	(276, 'Привет-привет!!! Как дела?', '2020-02-25 18:58:30.000000', NULL, 40, 18),
	(277, '<strong>Дмитрий Дмитриев</strong>, на глас поколения вето не наложить!', '2020-02-25 18:59:28.000000', 101, 40, 18),
	(278, '<strong>Алевтина Алевтинкина</strong>, не "<span style="font-family: Roboto, Helvetica, Arial, sans-serif; font-size: 14px;">грАдущих&nbsp;", а "грЯдущих".</span>', '2020-02-25 19:04:32.000000', 82, 40, 18),
	(279, 'Комментарий, отправленный через Heroku-прокси.', '2020-02-26 19:18:30.000000', NULL, 40, 18),
	(280, 'Проверка работы с отключенным прокси.', '2020-02-26 19:24:25.000000', NULL, 40, 18),
	(281, 'Проверка работы без URL', '2020-02-26 19:25:39.000000', NULL, 40, 18),
	(282, 'Проверка с невалидным токеном.', '2020-02-26 19:26:54.000000', NULL, 40, 18),
	(283, '<span style="font-family: Roboto, Helvetica, Arial, sans-serif; font-size: 14px;">Проверка с невалидным токеном - 2.</span>', '2020-02-26 19:28:45.000000', NULL, 40, 18),
	(284, 'Проверка с валидным токеном.', '2020-02-26 19:38:16.000000', NULL, 40, 18),
	(285, '<span style="font-family: Roboto, Helvetica, Arial, sans-serif; font-size: 14px;">Проверка с валидным токеном - 2.</span>', '2020-02-26 19:41:23.000000', NULL, 40, 18),
	(286, '<strong>Пётр Петров</strong>, ночь такова, какова она какова!', '2020-02-26 19:44:54.000000', 116, 40, 18),
	(287, 'Hello world!', '2020-02-27 16:35:04.000000', NULL, 40, 18),
	(288, 'Что это вы тут развели?!', '2020-03-01 13:48:43.000000', NULL, 40, 18),
	(289, 'А чей-то вы тут делаете?', '2020-03-01 13:50:15.000000', NULL, 40, 18),
	(290, 'Привет!', '2020-03-01 13:55:35.000000', NULL, 40, 18),
	(291, 'Ну наконец-то!', '2020-03-01 14:00:15.000000', NULL, 40, 18);

-- Дамп данных таблицы blogapp.tags: ~21 rows (приблизительно)
INSERT  INTO `tags` (`id`, `name`) VALUES
	(17, 'HTML'),
	(15, 'Java'),
	(11, 'Linux'),
	(13, 'MacOS'),
	(16, 'Python'),
	(14, 'Spring'),
	(12, 'Windows'),
	(4, 'important'),
	(3, 'hot'),
	(19, 'Games'),
	(7, 'idea'),
	(10, 'space'),
	(9, 'medical'),
	(5, 'moscow'),
	(8, 'new'),
	(1, 'news'),
	(18, 'wow'),
	(6, 'programming'),
	(32, 'fish'),
	(20, 'statistics'),
	(2, 'technology');

-- Дамп данных таблицы blogapp.posts_tags: ~64 rows (приблизительно)
INSERT  INTO `tag2post` (`post_id`, `tag_id`) VALUES
	(1, 2),
	(2, 1),
	(2, 18),
	(3, 7),
	(3, 13),
	(3, 15),
	(4, 1),
	(5, 17),
	(6, 2),
	(6, 3),
	(6, 5),
	(7, 1),
	(8, 1),
	(10, 11),
	(10, 17),
	(12, 6),
	(13, 1),
	(13, 5),
	(13, 17),
	(15, 15),
	(16, 16),
	(18, 2),
	(18, 13),
	(18, 17),
	(18, 18),
	(19, 9),
	(20, 5),
	(20, 13),
	(20, 15),
	(20, 16),
	(22, 16),
	(23, 2),
	(23, 3),
	(23, 6),
	(24, 7),
	(24, 11),
	(25, 11),
	(25, 16),
	(25, 19),
	(27, 16),
	(28, 1),
	(29, 8),
	(30, 16),
	(31, 2),
	(31, 20),
	(34, 1),
	(35, 3),
	(35, 9),
	(35, 11),
	(35, 17),
	(36, 8),
	(36, 17),
	(38, 4),
	(38, 5),
	(39, 4),
	(39, 11),
	(39, 19),
	(40, 7),
	(40, 10),
	(40, 13),
	(40, 17),
	(55, 1),
	(55, 8),
	(55, 16);

-- Дамп данных таблицы blogapp.votes: ~83 rows (приблизительно)
INSERT  INTO `post_votes` (`id`, `time`, `value`, `post_id`, `user_id`) VALUES
	(1, '2020-01-26 19:35:52.000000', 1, 5, 8),
	(2, '2020-01-26 19:35:52.000000', 1, 5, 5),
	(3, '2020-01-26 19:35:52.000000', 1, 5, 3),
	(4, '2020-01-26 19:35:52.000000', 1, 5, 2),
	(5, '2020-01-26 19:35:52.000000', 1, 5, 4),
	(6, '2020-01-26 19:35:52.000000', 1, 5, 1),
	(8, '2020-01-26 19:35:52.000000', 1, 5, 7),
	(13, '2020-01-26 19:35:52.000000', 1, 5, 6),
	(17, '2020-01-26 19:35:52.000000', 1, 16, 5),
	(18, '2020-01-26 19:35:52.000000', 1, 16, 9),
	(19, '2020-01-26 19:35:52.000000', 1, 16, 1),
	(24, '2020-01-26 19:35:52.000000', 1, 16, 2),
	(26, '2020-01-26 19:35:52.000000', 1, 16, 4),
	(28, '2020-01-26 19:35:52.000000', 1, 16, 7),
	(34, '2020-01-26 19:35:52.000000', 1, 16, 3),
	(35, '2020-01-26 19:35:52.000000', 1, 16, 10),
	(47, '2020-01-26 19:35:52.000000', 1, 16, 6),
	(50, '2020-01-26 19:35:52.000000', 1, 20, 8),
	(51, '2020-01-26 19:35:52.000000', 1, 20, 6),
	(52, '2020-01-26 19:35:52.000000', 1, 20, 4),
	(54, '2020-01-26 19:35:52.000000', 1, 20, 3),
	(56, '2020-01-26 19:35:52.000000', 1, 20, 9),
	(57, '2020-01-26 19:35:52.000000', 1, 20, 7),
	(58, '2020-01-26 19:35:52.000000', 1, 20, 5),
	(59, '2020-01-26 19:35:52.000000', 1, 20, 2),
	(60, '2020-01-26 19:35:52.000000', 1, 20, 10),
	(65, '2020-01-26 19:35:52.000000', 1, 20, 1),
	(71, '2020-01-26 19:35:52.000000', 1, 23, 9),
	(72, '2020-01-26 19:35:52.000000', 1, 23, 2),
	(73, '2020-01-26 19:35:52.000000', 1, 23, 3),
	(75, '2020-01-26 19:35:52.000000', 1, 23, 8),
	(76, '2020-01-26 19:35:52.000000', 1, 23, 10),
	(77, '2020-01-26 19:35:52.000000', 1, 32, 1),
	(78, '2020-01-26 19:35:52.000000', 1, 32, 2),
	(80, '2020-01-26 19:35:52.000000', 1, 32, 10),
	(81, '2020-01-26 19:35:52.000000', 1, 32, 9),
	(82, '2020-01-26 19:35:52.000000', 1, 32, 4),
	(84, '2020-01-26 19:35:52.000000', 1, 32, 3),
	(90, '2020-01-26 19:35:52.000000', 1, 32, 5),
	(92, '2020-01-26 19:35:52.000000', 1, 32, 8),
	(93, '2020-01-26 19:35:52.000000', 1, 32, 7),
	(99, '2020-01-26 19:35:52.000000', 1, 32, 6),
	(125, '2020-01-26 19:35:52.000000', 1, 40, 4),
	(126, '2020-01-26 19:35:52.000000', 1, 40, 6),
	(128, '2020-01-26 19:35:52.000000', 1, 40, 1),
	(129, '2020-01-26 19:35:52.000000', 1, 40, 10),
	(130, '2020-01-26 19:35:52.000000', 1, 40, 3),
	(132, '2020-01-26 19:35:52.000000', 1, 40, 9),
	(134, '2020-01-26 19:35:52.000000', 1, 40, 7),
	(143, '2020-01-26 19:35:52.000000', 1, 40, 2),
	(146, '2020-01-26 19:35:52.000000', 1, 40, 5),
	(149, '2020-01-26 19:35:52.000000', 1, 40, 8),
	(167, '2020-01-26 19:35:52.000000', -1, 5, 10),
	(194, '2020-01-26 19:35:52.000000', -1, 16, 8),
	(202, '2020-01-26 19:35:52.000000', -1, 19, 7),
	(203, '2020-01-26 19:35:52.000000', -1, 19, 5),
	(204, '2020-01-26 19:35:52.000000', -1, 19, 1),
	(205, '2020-01-26 19:35:52.000000', -1, 19, 3),
	(208, '2020-01-26 19:35:52.000000', -1, 19, 9),
	(209, '2020-01-26 19:35:52.000000', -1, 19, 6),
	(211, '2020-01-26 19:35:52.000000', -1, 19, 4),
	(213, '2020-01-26 19:35:52.000000', -1, 19, 2),
	(214, '2020-01-26 19:35:52.000000', -1, 19, 10),
	(219, '2020-01-26 19:35:52.000000', -1, 19, 8),
	(264, '2020-01-26 19:35:53.000000', -1, 26, 10),
	(265, '2020-01-26 19:35:53.000000', -1, 29, 2),
	(266, '2020-01-26 19:35:53.000000', -1, 29, 10),
	(267, '2020-01-26 19:35:53.000000', -1, 29, 1),
	(270, '2020-01-26 19:35:53.000000', -1, 29, 7),
	(271, '2020-01-26 19:35:53.000000', -1, 29, 9),
	(272, '2020-01-26 19:35:53.000000', -1, 29, 5),
	(274, '2020-01-26 19:35:53.000000', -1, 29, 6),
	(281, '2020-01-26 19:35:53.000000', -1, 29, 4),
	(318, '2020-02-11 17:41:18.000000', 1, 20, 18),
	(319, '2020-02-20 16:53:50.000000', 1, 10, 18),
	(320, '2020-02-20 16:53:54.000000', 1, 13, 18),
	(321, '2020-02-20 16:53:57.000000', -1, 22, 18),
	(322, '2020-02-20 16:53:59.000000', -1, 16, 18),
	(323, '2020-02-20 16:54:01.000000', 1, 32, 18),
	(324, '2020-02-20 16:54:03.000000', 1, 26, 18),
	(325, '2020-02-20 16:54:05.000000', 1, 29, 18),
	(326, '2020-02-20 16:54:06.000000', -1, 18, 18),
	(327, '2020-02-20 16:54:08.000000', 1, 11, 18);

-- Дамп данных таблицы blogapp.captcha_codes: ~2 rows (приблизительно)
INSERT  INTO `captcha_code` (`id`, `code`, `secret_code`, `time`) VALUES
	(24, 'uti2KD', '4e1d8df7-9896-45b7-8e41-96b5d29c163c', '2999-12-31 23:59:59.000000'),
	(72, '59iwiW', '88ce6aad-a387-4ef4-a3d1-ccd90ef45f6b', '2020-03-01 14:25:00.000000');

-- Дамп данных таблицы blogapp.global_settings: ~3 rows (приблизительно)
INSERT  INTO `global_settings` (`id`, `multiuser_mode`,`post_pre_moderation`,`statistics_is_public`) VALUES
	(1,true,true,true);


